{
  "project_info": {
    "project_number": "136405638108",
    "firebase_url": "https://solmatch-a1d9a-default-rtdb.firebaseio.com",
    "project_id": "solmatch-a1d9a",
    "storage_bucket": "solmatch-a1d9a.appspot.com"
  },
  "client": [
    {
      "client_info": {
        "mobilesdk_app_id": "1:136405638108:android:126473cdbbe7ac0d2f0d19",
        "android_client_info": {
          "package_name": "com.example.solmatch"
        }
      },
      "oauth_client": [
        {
          "client_id": "136405638108-a9v2mo0roqekjp5kn991qgbus80oi7bc.apps.googleusercontent.com",
          "client_type": 1,
          "android_info": {
            "package_name": "com.example.solmatch",
            "certificate_hash": "cceaa9431698a1cf93b3f563dedfd92614708811"
          }
        },
        {
          "client_id": "136405638108-qo93s4ba9qj0hsj3qqs3oe55ojcpud6v.apps.googleusercontent.com",
          "client_type": 3
        }
      ],
      "api_key": [
        {
          "current_key": "AIzaSyBG0cG9Fh038pETv4tXq4RQwXywlf5fAsc"
        }
      ],
      "services": {
        "appinvite_service": {
          "other_platform_oauth_client": [
            {
              "client_id": "136405638108-qo93s4ba9qj0hsj3qqs3oe55ojcpud6v.apps.googleusercontent.com",
              "client_type": 3
            }
          ]
        }
      }
    }
  ],
  "configuration_version": "1"
}