{
  "project_info": {
    "project_number": "564156074253",
    "firebase_url": "https://solmatch-9e871-default-rtdb.firebaseio.com",
    "project_id": "solmatch-9e871",
    "storage_bucket": "solmatch-9e871.appspot.com"
  },
  "client": [
    {
      "client_info": {
        "mobilesdk_app_id": "1:564156074253:android:a60f991b865082e36b4844",
        "android_client_info": {
          "package_name": "com.example.solmatchfinalproject"
        }
      },
      "oauth_client": [
        {
          "client_id": "564156074253-6m3ntvdpbaehhbc2furo69eu0o3a9fu2.apps.googleusercontent.com",
          "client_type": 3
        }
      ],
      "api_key": [
        {
          "current_key": "AIzaSyBJ5ZJ9z8mxOMhK-QIaDhBHG6fIWTc0gYo"
        }
      ],
      "services": {
        "appinvite_service": {
          "other_platform_oauth_client": [
            {
              "client_id": "564156074253-6m3ntvdpbaehhbc2furo69eu0o3a9fu2.apps.googleusercontent.com",
              "client_type": 3
            }
          ]
        }
      }
    }
  ],
  "configuration_version": "1"
}